Brand Name,Product Name,Rating,Rating Count,Selling Price,MRP,Offer
Titan,Karishma Analog Black Dial Men's Watch NM1639SM02/NN1639SM02,4.2 out of 5 stars,"2,360",£16.10,£18.95,(15% off)
Casio,Vintage A-158WA-1Q Digital Grey Dial Unisex Watch Silver Metal Strap (D011),4.4 out of 5 stars,"48,979",£16.10,na,na
boAt,"boAt Lunar Discovery w/ 1.39"" (3.5 cm) HD Display, Turn-by-Turn Navigation, DIY Watch Face Studio, Bluetooth Calling, Emergency SOS, QR Tray, Smart Watch for Men & Women(Active Black)",3.9 out of 5 stars,"22,950",£13.29,£80.74,(84% off)
TIMEX,Analog Men's Watch (Dial Colored Strap),4.1 out of 5 stars,"22,807",£11.38,£18.00,(37% off)
Fastrack,Analog Unisex-Adult Watch,4.1 out of 5 stars,"14,152",£7.65,£8.50,(10% off)
Sonata,SF Quartz Analog White Dial Watch for Men-NS7930PP01,4.0 out of 5 stars,"11,823",£6.41,na,na
Casio,Enticer Analog Dial Watch,4.3 out of 5 stars,"6,745",£56.95,na,na
Casio,"Enticer Analog White Dial Men's Watch (MTP-V300L-7AUDF, A1177, Silver)",4.1 out of 5 stars,"1,562",£36.05,na,na
Fossil,Decker Brown Watch,4.2 out of 5 stars,"5,958",£60.52,£80.70,(25% off)
Noise,"Noise Twist Round dial Smart Watch with Bluetooth Calling, 1.38"" TFT Display, up-to 7 Days Battery, 100+ Watch Faces, IP68, Heart Rate Monitor, Sleep Tracking (Jet Black)",4.0 out of 5 stars,"14,741",£13.29,£47.49,(72% off)
Fastrack,Vyb Rebel Quartz Analog Green Dial Watch for Men,4.3 out of 5 stars,32,£13.99,£20.00,(30% off)
Titan,Minimals Quartz Analog with Date Black Dial Black Metal Strap Watch for Men - NT1806NM01,4.2 out of 5 stars,408,£30.36,£37.95,(20% off)
Fastrack,Trendies Analog Black Dial Men's Watch-38058PP03/NP38058PP03,4.3 out of 5 stars,420,£12.11,£15.15,(20% off)
Fastrack,Tees Analog Grey Dial Unisex-Adult Watch-68011PP08,4.2 out of 5 stars,"1,467",£8.12,£9.03,(10% off)
Matrix,Antique 2.0 Day & Date Softest Silicone Strap Analog Watch for Men & Boys,4.0 out of 5 stars,"2,777",£2.83,£18.99,(85% off)
Titan,Neo Analog Blue Dial Men's Watch - NN1733KL03/NP1733KL03,4.2 out of 5 stars,"1,108",£42.70,£56.95,(25% off)
Titan,Analog OffWhite Dial Men's Watch NM1712YM02 / NL1712YM02,4.2 out of 5 stars,"2,527",£16.29,£20.38,(20% off)
Titan,Autumn-Winter 19 Analog Silver Dial Men's Watch NM1584SL03/NN1584SL03/NP1584SL03,4.2 out of 5 stars,"3,854",£22.98,£30.45,(25% off)
Boltt,"Fire-Boltt Obsidian 33.5mm (1.32 inch) AMOLED Display, Stainless Steel Design, 466 * 466 px Resolution, Bluetooth Calling, Multiple Sports Modes, Health Mode, IP67, Weather Updates",3.9 out of 5 stars,57,£16.14,£199.50,(92% off)
Titan,Analog Silver Dial Men's Watch -NL1650YM05 / NL1650YM05,4.2 out of 5 stars,597,£22.75,£28.45,(20% off)
Titan,Neo Analog Silver Dial Men's Watch NN1733KM03/NP1733KM03,4.1 out of 5 stars,767,£56.95,£71.20,(20% off)
Casio,Youth Series Digital Black Dial Men's Watch - AE-1200WHD-1AVDF(D099),4.6 out of 5 stars,"2,080",£32.25,na,na
Noise,"Noise Twist Go Round dial Smartwatch with BT Calling, 1.39"" Display, Metal Build, 100+ Watch Faces, IP68, Sleep Tracking, 100+ Sports Modes, 24/7 Heart Rate Monitoring (Elite Black)",3.8 out of 5 stars,774,£17.09,£56.99,(70% off)
LOUIS DEVIN,Silicone Strap Analog Wrist Watch for Men (Black/Blue/Red) | LD-BK054,4.0 out of 5 stars,"4,496",£3.51,£20.89,(83% off)
Fastrack,Bold Quartz Analog Black Dial Silver Stainless Steel Strap Watch for Guys - NT38051SM07,4.2 out of 5 stars,"1,332",£17.72,£18.95,(7% off)
Titan,Karishma Analog Silver Dial Men's Watch NM1774BM01/NN1774BM01/NP1774BM01,4.2 out of 5 stars,897,£28.07,£35.10,(20% off)
Carlington,"Analog-Digital Sports Watch Chronograph, Dual Time,Alarm, Stopwatch, Calendar, Water-Resistant, Shock-Resistant, Back Light Display. The Perfect Watch for Men-CT9140 Series",4.3 out of 5 stars,154,£12.34,£28.49,(57% off)
V2A,"Chronograph Analogue and Digital Sports Watch for Men, Watch for Men, Wrist Watch for Men, Mens Watch, Watch | Gift for Men",3.8 out of 5 stars,"2,946",£8.46,£14.15,(40% off)
TIMEWEAR,Analog New Track Number Dial Day Date Functioning Leather Strap Watch for Men,3.8 out of 5 stars,"1,950",£3.60,£14.24,(75% off)
Sonata,Volt+ Analog Green Dial Men's Watch NM77085PL02/NN77085PL02W,4.2 out of 5 stars,821,£9.02,na,na
Fossil,"Fossil Men Stainless Steel Grant Chronograph Analog Black Dial Watch - Fs4832, Band Color-Black",4.2 out of 5 stars,"3,051",£82.62,£118.70,(30% off)
Titan,Karishma Analog Blue Dial Men's Watch NM1774SM01/NN1774SM01/NP1774SM01,4.2 out of 5 stars,"1,043",£21.75,£27.22,(20% off)
Shocknshop,Stainless Steel Watch Series Analogue Men's Watch (Black Dial Mens Long Colored Strap) -W219,3.7 out of 5 stars,"1,901",£2.70,£9.49,(72% off)
Fastrack,Bold Analog White Dial Men's Watch NM38051SL06/NN38051SL06,4.3 out of 5 stars,603,£15.15,£18.95,(20% off)
Titan,Workwear Quartz Multifunction Black Dial Black Metal Strap Watch for Men - NT1805NM02,4.3 out of 5 stars,240,£55.16,£74.24,(26% off)
Sonata,Sonata Analog Champagne Dial Men's Watch-NN77049YM01/NP77049YM01,4.2 out of 5 stars,"4,417",£8.54,na,na
Titan,Workwear Quartz Analog Black Dial Black Leather Strap Watch for Men - NT1802SL11,4.3 out of 5 stars,506,£21.56,£30.83,(30% off)
Titan,Karishma Analog Black Dial Men's Watch-NL1636SM01,4.1 out of 5 stars,"1,778",£24.84,na,na
Titan,Autumn-Winter 19 Analog Blue Dial Men's Watch NM1698SM02/NN1698SM02,4.2 out of 5 stars,468,£43.65,£54.58,(20% off)
Titan,Neo Iv Analog Silver Dial Men's Watch-1802SL02 / 1802SL02,4.3 out of 5 stars,400,£16.10,£18.95,(15% off)
Fastrack,Autumn-Winter 19 Analog-Digital Orange Dial Men's Watch NM38035SP03/NN38035SP03,4.3 out of 5 stars,875,£32.02,£47.45,(33% off)
SKMEI,Men's Digital Sports Watch 50m Waterproof LED Military Multifunction Smart Watch Stopwatch Countdown Auto Date Alarm,4.1 out of 5 stars,"2,504",£7.12,£66.49,(89% off)
Casio,Casio Enticer Men Analog Blue Dial Men MTP-1302PD-2AVEF (A2227),4.5 out of 5 stars,"8,852",£37.95,na,na
Fastrack,Stunners Quartz Analog Black Dial Stainless Steel Strap Watch for Guys - NT3255NM02,4.3 out of 5 stars,282,£18.95,£23.70,(20% off)
Sonata,Smart Plaid Quartz Analog Black Dial Leather Strap Watch for Men-NS77105SL02W/NT77105SL02W,4.1 out of 5 stars,516,£10.21,na,na
BENYAR,Automatic Mechanical Skeleton Leather Strap Men's Watch,4.0 out of 5 stars,"1,143",£37.91,£56.99,(33% off)
BY BENYAR,Analogue Men's Watch ( Black Colored Strap),3.8 out of 5 stars,"4,490",£27.45,£42.74,(36% off)
Titan,Karishma Analog Black Dial Men's Watch NK1578SM04 / NK1578SM04,4.1 out of 5 stars,"1,136",£20.90,£23.23,(10% off)
Fossil,Bannon Analog Green Dial Men's Watch-BQ2492,4.4 out of 5 stars,271,£106.37,£151.95,(30% off)
Matrix,"Blue, Black & Silver Dial, Day & Date Functioning, Stainless Steel Strap Analog Watch for Men & Women",3.6 out of 5 stars,"1,990",£2.83,£23.74,(88% off)
Fastrack,Black Magic Analog Black Dial Men's Watch NM3089SL05/NN3089SL05/NP3089SL05,4.2 out of 5 stars,"4,626",£24.75,£27.50,(10% off)
Noise,"Noise Pulse 2 Pro [New Launch] 1.8"" Vibrant Display, Bluetooth Calling Smart Watch for Men & Women, 7 Days Battery Life, Metallic Finish, Built-in Games, Voice Assistance, Health Suite (Elite Black)",3.4 out of 5 stars,175,£16.14,£66.49,(76% off)
LONGBO,Analog Business Casual Stainless Steel Decorative Subdials Watch for Men,3.9 out of 5 stars,834,£9.40,£17.00,(45% off)
Fastrack,Stunners Quartz Analog Silver Dial Silver Metal Strap Watch for Guys - NT3291SM02,4.1 out of 5 stars,330,£13.63,£17.05,(20% off)
V2A,Analogue - Digital Men's Watch (Green Dial Green Colored Strap),4.1 out of 5 stars,606,£11.30,£28.49,(60% off)
Casio,Edifice Men's EF-539D-1AV,4.4 out of 5 stars,629,£104.45,na,na
Casio,Youth Series Analog-Digital Black Dial Men's Watch - AEQ-110W-1BVDF(AD218),4.4 out of 5 stars,676,£37.95,na,na
Fastrack,Casual Analog Black Dial Men's Watch-3255NM01,4.1 out of 5 stars,351,£18.19,£22.75,(20% off)
TIMEWEAR,Analog Slim Two Hands Leather Strap Watches for Men,3.7 out of 5 stars,"15,066",£3.60,£20.89,(83% off)
Fastrack,Trendies Analog Black Dial Men's Watch NM38045PP03/NN38045PP03,4.3 out of 5 stars,"2,666",£18.19,£23.70,(23% off)
TIMEX,Analog Black Dial Men's Watch-TW000R438,4.1 out of 5 stars,"1,488",£25.59,£28.45,(10% off)
Fastrack,"Fastrack Limitless Glide X 1.83"" Smart Watch with Ultra UV HD Display, SpO2, Heart Rate & Sleep Tracking, Bluetooth Calling, 100+ Sports Modes, 5-Day Battery, Smartwatch for Men & Women (Black)",3.8 out of 5 stars,"4,328",£14.23,£26.59,(46% off)
Fastrack,Casual Analog Silver Dial Men's Watch-3254SM01,4.0 out of 5 stars,266,£14.20,£19.90,(29% off)
Titan,Neo Analog Blue Dial Men's Watch NM1734KM02/NN1734KM02/NP1734KM02,4.3 out of 5 stars,547,£60.23,£80.70,(25% off)
Titan,Karishma Green Dial Analog Leather Strap Watch for Men-NS1823WL02/NT1823WL02,4.2 out of 5 stars,52,£26.63,£30.83,(14% off)
Armani Exchange,Armani Exchange Analog Black Dial Men's Watch-AX1343,4.2 out of 5 stars,611,£56.97,£94.95,(40% off)
Fastrack,Tick Tock Quartz Multifunction Grey Dial Rose Gold Metal Strap Watch for Guys - NT3287QM01,4.1 out of 5 stars,95,£34.87,£46.50,(25% off)
Titan,Rose Gold Dial Analog with Date Leather Strap Watch for Men-NS1825WL02/NT1825WL02,4.5 out of 5 stars,53,£25.49,£31.87,(20% off)
Fastrack,Fastrack Analog Digital Black Dial Black Colour Plastic Strap Unisex Watch - NT38076PP01W,4.4 out of 5 stars,256,£17.43,£21.80,(20% off)
Noise,"Noise Pulse 2 Max 1.85"" Display, Bluetooth Calling Smart Watch, 10 Days Battery, 550 NITS Brightness, Smart DND, 100 Sports Modes, Smartwatch for Men and Women (Jet Black)",4.0 out of 5 stars,"17,624",£13.29,£56.99,(77% off)
Titan,Neo Analog Blue Dial Men's Watch-NM1770SM03 / NL1770SM03,4.4 out of 5 stars,247,£27.54,£31.78,(13% off)
Casio,Unisex Vintage A168XES-1BDF Black Digital Dial Transparent Resin Strap D306,4.0 out of 5 stars,82,£25.60,na,na
Fastrack,Analog Black Dial Men's Watch NM3147KM01/NN3147KM01,4.3 out of 5 stars,"2,285",£35.67,£44.60,(20% off)
Boult,"Boult Mirage Smart Watch 1.39''HD Screen, Bluetooth Calling, IP67, Zinc Alloy Frame, 500 Nits Brightness, AI Voice Assistant, SpO2 Monitoring, 120+ Sports Mode (Amber Blue)",4.1 out of 5 stars,468,£17.09,£47.49,(64% off)
Kuber Industries,Kuber Industries Premium Faux Leather See Through 6 Slots Wrist Watch Organiser Box for Men & Women | Valentine Gift Watch Storage Box Organizer | Watch Collection Box/Case/Holder | Black,4.3 out of 5 stars,357,£7.50,£25.64,(71% off)
Casio,Youth Series Digital Black Dial Men AE-1500WH-1AVDF (D218),4.5 out of 5 stars,537,£23.70,na,na
Fastrack,Casual Analog White Dial Men's Watch NM3114PP01/NN3114PP01/NP3114PP01,4.0 out of 5 stars,"5,737",£9.94,£11.35,(12% off)
Matrix,Minimalist Dial with Softest Silicone Strap Analog Wrist Watch for Men & Boys,3.9 out of 5 stars,428,£2.60,£18.99,(86% off)
Titan,"Men's Infinity Chrono Analog Watch: Precise Blue Dial, Rose Gold Highlights, Durable Leather Strap-NS1805QP01/NT1805QP01",4.3 out of 5 stars,105,£52.01,£65.03,(20% off)
SKMEI,Stainless Steel Men Analog Watch Dual-Display Electronic Watch with Luminous 30M Waterproof Watch Fashion Multifunctional Sports Watch for Men- 1816,3.9 out of 5 stars,895,£20.89,£36.57,(43% off)
Giordano,Designer Multifunction Watch for Men with Square Dial and Leather Band – Elegant Casual & Formal Style,4.0 out of 5 stars,54,£47.44,£75.52,(37% off)
Fastrack,Fundamentals Analog Blue Dial Men's Watch NM38051SM03/NN38051SM03,4.1 out of 5 stars,"1,817",£16.91,£19.90,(15% off)
Titan,Neo Analog Silver Dial Men's Watch NM1734WL01/NN1734WL01/NP1734WL01,4.2 out of 5 stars,456,£45.55,£56.95,(20% off)
boAt,"boAt Wave Call 2 with 1.83” HD Display, Advanced BT Calling, Functional Crown, Cloud & Custom Watch Faces, Multiple Sports Modes, IP67, HR, Sleep & SPO₂ Monitor Smart Watch(Midnight Black)",4.2 out of 5 stars,127,£13.29,£66.49,(80% off)
TIMEX,Brass Men's Round Blue Dial Brown Strap Analog Watch - TW000U913,4.3 out of 5 stars,674,£38.90,na,na
Fastrack,Tripster Analog Black Dial Men's Watch 3245NM01/NN3245NM01,4.0 out of 5 stars,145,£22.75,£28.45,(20% off)
Casio,Youth-Combination Analog-Digital Gold Dial Men's Watch - AEQ-110BW-9AVDF (AD206),4.4 out of 5 stars,"1,497",£41.75,na,na
Sonata,Essentials Analog Silver Dial Men's Watch NM77082SL01W/NN77082SL01W,4.2 out of 5 stars,"2,052",£8.07,na,na
Fire-Boltt,"Fire-Boltt Rise Smart Watch, 1.85"" HD Display, Metal Body with Bluetooth Calling, Rotating Crown, AI Voice Assistant, 120 Sports Modes, Neon UI, SpO2 & Heart Rate Monitoring (Black-C)",3.7 out of 5 stars,"1,764",£12.34,£142.49,(91% off)
Titan,Neo Splash Quartz Multifunction Black Dial Metallic Brown Stainless Steel Strap Watch for Men - NT1805QM04,4.0 out of 5 stars,169,£59.23,£74.05,(20% off)
Titan,"Titan Crest 1.43” AMOLED Smart Watch with BT Calling, AI Morning Briefs, Functional Crown, Health Tracking, Aluminium Body, 100+ Sports Modes, Smartwatch for Men and Women - Black Silicone Strap",3.7 out of 5 stars,"1,234",£56.98,£113.95,(50% off)
Noise,"NoiseFit Halo 1.43"" AMOLED Display, Bluetooth Calling Round Dial Smart Watch, Premium Metallic Build, Always on Display, Smart Gesture Control, 100 Sports Modes (Vintage Brown)",4.0 out of 5 stars,"8,347",£28.49,£75.99,(63% off)
Titan,Titan Neo Analog Black Dial Men's Watch NM1733KM01/NN1733KM01,4.3 out of 5 stars,880,£48.59,£54.58,(11% off)
Titan,Analog Men's Watch (Dial Colored Strap),4.1 out of 5 stars,737,£24.18,£35.58,(32% off)
Fastrack,Men Tick Tock Quartz Analog White Dial Leather Strap Watch for Guys-3287KL02/NT3287KL02,4.4 out of 5 stars,6,£27.31,£34.15,(20% off)
Titan,analog Silver Dial Men's Watch NM1712YM01/NN1712YM01/NP1712YM01,4.2 out of 5 stars,404,£15.15,£18.95,(20% off)
Titan,Octane Analog Silver Dial Men's Watch-NL1650BM03/NP1650BM03,4.2 out of 5 stars,"1,288",£28.21,£35.29,(20% off)
Fastrack,Men Tick Tock Quartz Analog White Dial Leather Strap Watch for Guys-3287KL02/NT3287KL02,4.4 out of 5 stars,6,£27.31,£34.15,(20% off)
Noise,"Noise Twist Go Round dial Smartwatch with BT Calling, 1.39"" Display, Metal Build, 100+ Watch Faces, IP68, Sleep Tracking, 100+ Sports Modes, 24/7 Heart Rate Monitoring (Jet Black)",3.8 out of 5 stars,814,£13.29,£47.49,(72% off)
Sonata,SF Digital Dial Plastic Strap Watch for Men-NS77073PP02/NT77073PP02,4.3 out of 5 stars,"1,567",£6.60,na,na
Giordano,"Multi-Function Analog Watch for Men with Textured Dial, Classic Stainless Steel Strap and Date Function",3.7 out of 5 stars,6,£46.57,£108.30,(57% off)
Casio,Youth Series Digital Black Dial Men AE-1500WH-8BVDF (D219),4.5 out of 5 stars,605,£23.70,na,na
Titan,Analog Gold Dial Men's Watch NM1650YM04/NN1650YM04/NP1650YM04,4.3 out of 5 stars,"1,612",£24.05,£30.07,(20% off)
Fossil,Fossil Analog Black Dial Men's Watch - FS5447,4.0 out of 5 stars,"4,154",£75.95,£94.95,(20% off)
Fastrack,Party Analog Silver Dial Men's Watch-NL1474SM01/NP1474SM01,4.0 out of 5 stars,"2,625",£33.20,na,na
Matrix,Minimalist Grey Dial with Softest Silicone Strap Analog Wrist Watch for Men & Boys,4.6 out of 5 stars,15,£3.79,£18.99,(80% off)
Fastrack,Fastrack Stunners Quartz Analog Peacock Green Dial Brown Leather Strap Watch for Guys - 3278SL03,4.3 out of 5 stars,271,£13.25,na,na
Titan,Men's Strap Watch (Black),4.2 out of 5 stars,"1,053",£17.05,£18.95,(10% off)
Titan,Analog Brown Dial Men's Watch NM1584SL04/NN1584SL04/NP1584SL04,4.2 out of 5 stars,"1,068",£22.75,£28.45,(20% off)
Titan,Gents Karishma Analog Brown Dial Men's Watch NM1824KM01/NN1824KM01,4.2 out of 5 stars,224,£32.25,£40.33,(20% off)
Fossil,Fossil Chronograph Black Dial and Band Men's Stainless Steel Watch-BQ2364,4.1 out of 5 stars,"1,632",£71.21,£118.70,(40% off)
Casio,Youth Digital Analog-Digital Black Dial Men's Watch - HDC-700-3AVDF (D155),4.2 out of 5 stars,718,£37.95,na,na
Fastrack,Vyb Arcane Quartz Analog Black Dial Watch for Men,5.0 out of 5 stars,2,£19.87,£28.40,(30% off)
Fastrack,Analog Silver Dial Men's Watch-NM38017PL02 / NL38017PL02/NP38017PL02,3.9 out of 5 stars,"1,041",£23.37,£27.50,(15% off)
Casio,Youth-Combination Analog-Digital Black Dial Men's Watch - AEQ-110W-2AVDF (AD208),4.3 out of 5 stars,833,£31.30,na,na
Noise,"Noise Vortex Plus 1.46 AMOLED Display, AoD, BT Calling, Sleek Metal Finish, 7 Days Battery Life, All New OS with 100+ Watch Faces & Health Suite (Black)",4.0 out of 5 stars,"53,884",£20.89,£66.49,(69% off)
Fastrack,"Fastrack Limitless Glide X 1.83"" Smart Watch with Ultra UV HD Display, SpO2, Heart Rate & Sleep Tracking, Bluetooth Calling, 100+ Sports Modes, 5-Day Battery, Smartwatch for Men & Women (Beige)",3.8 out of 5 stars,"4,328",£14.23,£26.59,(46% off)
Fossil,Fossil Analog Off-White Dial Brown Band Men's Stainless Steel Watch-FS5380,4.5 out of 5 stars,"1,432",£118.70,£123.45,(4% off)
Shocknshop,Silver Stainless Steel Analog Square Dial Date Display Wrist Watch for Men -PGNI85,3.7 out of 5 stars,275,£4.04,£18.52,(78% off)
Casio,Enticer Men MTP-1374D-2A3VDF Analog Blue Dial Men (A2346),4.8 out of 5 stars,5,£56.95,na,na
Fastrack,Fastrack Vyb Quartz Analog Silver Dial Steel Sheet Metal Strap Watch for Men-FV30002SM01W,4.3 out of 5 stars,30,£13.53,£19.33,(30% off)
Fastrack,Fastfit Analog Black Dial Men's Watch-3224NL01/NP3224NL01,4.2 out of 5 stars,188,£38.71,£48.40,(20% off)
V2A,Chronograph Ultra-Thin Unisex Multi Function Digital Sports Watch for Boy ANG Girls | Watch for Women | Wrist Watch for Men | Kid's Watch | Watches,3.9 out of 5 stars,"1,832",£5.69,£14.24,(60% off)
Titan,Karishma Quartz Analog Silver Dial Leather Strap Watch for Men-1825SL15/NT1825SL15,4.1 out of 5 stars,31,£30.07,na,na
Fastrack,Fastfit Quartz Multifunction White Dial Stainless Steel Strap Watch for Guys - NT3227SM02,4.3 out of 5 stars,167,£35.58,£50.30,(29% off)
Noise,"Noise Quad Call 1.81"" Display, Bluetooth Calling Smart Watch, AI Voice Assistance, 160+Hrs Battery Life, Metallic Build, in-Built Games, 100 Sports Modes, 100+ Watch Faces (Elite Black)",3.9 out of 5 stars,621,£15.19,£66.49,(77% off)
Sonata,Analog White Dial Men's Watch NM77049YM03/NN77049YM03,4.1 out of 5 stars,"1,302",£8.07,na,na
BENYAR,"Men's Luxury Chronograph Watch – Business, Casual | Quartz Movement with Date Display | Stylish Wristwatch | Gift for Men",4.1 out of 5 stars,"1,188",£27.45,£42.66,(36% off)
Matrix,"Black, Blue, White Dial, Day & Date Functioning, Stainless Steel Strap Analog Watch for Men & Women",3.6 out of 5 stars,964,£2.83,£23.74,(88% off)
Carlington,"Endurance Series Analog-Digital Sports Watches for Men and Boys with Alarm, Stopwatch, Backlit Display, Dualtime, Silicone Rubber Strap, Water & Shock Resiatant - CT_9105",4.0 out of 5 stars,285,£11.39,£66.49,(83% off)
Fastrack,Analog Silver Men Watch 3229SM03 / 3229SM03,4.3 out of 5 stars,845,£16.53,£21.80,(24% off)
Fastrack,Analog Brown Dial Men's Watch-FV30001QM03W,5.0 out of 5 stars,3,£17.97,£25.70,(30% off)
OLEVS,Men's Business Watch Gold Blue with Large Easy-Read Analog Quartz Date Display Luxury Stainless Steel Band Waterproof Luminous Hands,3.6 out of 5 stars,"1,948",£32.48,£37.05,(12% off)
Titan,Infinity Display Quartz Chronograph with Date Silver Dial Dark Teal Green Leather Strap Watch for Men - NT90146SL01,4.4 out of 5 stars,65,£68.35,£85.45,(20% off)
Noise,"Noise Halo Plus Elite Edition Smartwatch with 1.46"" Super AMOLED Display, Stainless Steel Finish Metallic Straps, 4-Stage Sleep Tracker, Smart Watch for Men and Women (Elite Silver)",4.2 out of 5 stars,"6,075",£33.24,£85.49,(61% off)
Fastrack,Vyb Challenger Quartz Analog Black Dial Watch for Men,4.6 out of 5 stars,5,£19.43,£27.79,(30% off)
boAt,"boAt Storm Call 3 w/TBT Navigation, Daily Activity Tracker, DIY Watch Face Studio,700+ Active Modes, 1.83"" (4.6 cm) HD Display Fitness Smart Watch for Men & Women(Active Black)",4.0 out of 5 stars,"33,295",£13.29,£80.27,(83% off)
Fastrack,Men Fleek Quartz Multifunction Green Dial Leather Strap Watch for Guys-3270SL03/NT3270SL03,3.6 out of 5 stars,12,£45.27,£50.30,(10% off)
TIMEX,"Leather Classics Men's Quartz Analog Champagne Dial Round Case 3 Hands Function Watch -A301, Dial_Gold, Band_Black",4.1 out of 5 stars,433,£8.30,£8.50,(2% off)
Fastrack,Urban Camo Black Dial Copper Brown Stainless Steel Watch for Guys - NT3295QM01,4.6 out of 5 stars,33,£31.59,£35.10,(10% off)
Fossil,"Machine Brown Automatic Leather Watch Me3254 - Analog, Men",5.0 out of 5 stars,7,£199.45,na,na
Noise,"Noise Pulse 2 Max 1.85"" Display, Bluetooth Calling Smart Watch, 10 Days Battery, 550 NITS Brightness, Smart DND, 100 Sports Modes, Smartwatch for Men and Women (Deep Wine)",4.0 out of 5 stars,"17,624",£13.29,£56.99,(77% off)
TIMEWEAR,Analog New Track Day Date Functioning Leather Strap Watch for Men,3.6 out of 5 stars,592,£3.60,£14.24,(75% off)
Titan,Neo Iv Analog Black Dial Men's Watch NM1805NL01/NN1805NL01/NP1805NL01,4.4 out of 5 stars,459,£52.20,na,na
OLEVS,Watches for Men Chronograph Business Wrist Watches Analog Quartz Moon Phase Stainless Steel Waterproof Luminous Dress Watches,3.8 out of 5 stars,"2,984",£28.97,£37.05,(22% off)
Fossil,"Machine Brown Automatic Leather Watch Me3254 - Analog, Men",5.0 out of 5 stars,7,£199.45,na,na
TIMEWEAR,Analog New Track Day Date Functioning Leather Strap Watch for Men,3.6 out of 5 stars,592,£3.60,£14.24,(75% off)
Fire-Boltt,"Fire-Boltt Phoenix Pro Smart Watch 1.39 inch Bluetooth Calling, AI Voice Assistant, Metal Body with 120+ Sports Modes, SpO2, Heart Rate Monitoring (Black)",3.9 out of 5 stars,"81,935",£18.99,£113.99,(83% off)
TIMEX,"Leather Classics Men's Quartz Analog Champagne Dial Round Case 3 Hands Function Watch -A301, Dial_Gold, Band_Black",4.1 out of 5 stars,433,£8.30,£8.50,(2% off)
Sonata,Quartz Analog with Date Black Dial Watch for Men-NS77105NM01,4.1 out of 5 stars,13,£16.86,na,na
Fastrack,Analog Grey Dial Men's Watch-FV30004QM01W,5.0 out of 5 stars,1,£17.01,£24.32,(30% off)
Carlington,Endurance Series Analog-Digital Wrist Watches for Men - CT_9145,4.0 out of 5 stars,23,£12.34,£66.49,(81% off)
Fire-Boltt,"Fire-Boltt Ring X Smartwatch 2.01” Display with Always On Display, Bluetooth Calling, Wireless Charging, AI Voice Assistant, 100+ Sports Modes, Health Suite, 500+ Watchfaces (Blue S)",3.9 out of 5 stars,"5,095",£12.82,£94.99,(87% off)
Redmi,"Redmi Watch 5 Active, 2 Display, Metal Body, 18 Day Battery, Bluetooth Calling, Advanced AI Noise Cancellation, Alexa, Black",4.0 out of 5 stars,331,£19.47,£47.49,(59% off)
Fastrack,Vyb Pioneer Quartz Analog Black Dial Watch for Men,3.8 out of 5 stars,17,£15.12,£21.61,(30% off)
OLEVS,Chronograph Watches for Men Original Analog Quartz Black Stainless Steel Chain Luxury Dual Time Zone Moon Phase Date Waterproof Men's Wrist Watch,4.0 out of 5 stars,664,£32.49,£37.05,(12% off)
TIMEX,"Men Stainless Steel Classics Analog Silver Dial Watch-Ti000R420, Band Color-Silver",4.1 out of 5 stars,123,£25.60,na,na
Fastrack,Vyb Hustler Quartz Analog Green Dial Watch for Men,3.4 out of 5 stars,34,£15.66,£22.18,(29% off)
Fire-Boltt,"Fire-Boltt Ninja Call Pro Max Smart Watch 2.01 inch Display, Bluetooth Calling, 120+ Sports Modes, Health Suite, Voice Assistance (Grey)",3.9 out of 5 stars,"95,014",£16.82,£142.49,(88% off)
boAt,"boAt New Launch Ultima Prime smartwatch with 1.43” AMOLED Display, Personalized Fitness Nudges, Functional Crown,100+ Sports Modes, Watch Face Studio (Onyx Black)",4.0 out of 5 stars,"2,012",£20.89,£85.49,(76% off)
Titan,Lagan Quartz Analog with Day and Date White Dial Two Toned Silver and Gold Metal Strap Watch for Men - NT1775BM02,3.8 out of 5 stars,98,£27.78,£36.05,(23% off)
LOUIS DEVIN,LD-BK047-GLDBLK Black Dial and Band Stainless Steel Metal Chain Analog Wrist Watch for Men,3.7 out of 5 stars,473,£4.36,£24.69,(82% off)
LONGBO,Master Royale Analog Stainless Steel Watch For Men,4.0 out of 5 stars,"1,211",£11.30,£18.99,(40% off)
Shocknshop,Shocknshop Digital Sports Multi Functional Black Dial Watch for Men Boys -WCH79 (Blue),3.7 out of 5 stars,391,£4.04,£12.72,(68% off)
Fire-Boltt,"Fire-Boltt Rise Smart Watch, 1.85"" HD Display, Metal Body with Bluetooth Calling, Rotating Crown, AI Voice Assistant, 120 Sports Modes, Neon UI, SpO2 & Heart Rate Monitoring (Black)",3.7 out of 5 stars,"1,764",£11.39,£113.99,(90% off)
CULTSPORT,"Cult Ranger XR1-1.43"" AMOLED Display,Outdoor Rugged Smartwatch for Men, Bluetooth Calling, 8 Days Battery, Continous Heart Rate,100+ Sports Mode, Live Cricket Score, Built-in Flashlight, Free Strap",3.3 out of 5 stars,236,£17.95,£94.99,(81% off)
LOUIS DEVIN,Silicone Strap Analog Wrist Watch for Men (Green/Brown/Blue/Black Dial) | LD-GR092-ST,4.6 out of 5 stars,17,£3.32,£18.99,(83% off)
Sonata,Sonata Poze Quartz Analog Black Dial Leather Strap Watch for Men-SP70039KL01W,3.9 out of 5 stars,38,£5.42,£11.83,(54% off)
Titan,Neo Iv Analog Black Dial Men's Watch NM1805NL01/NN1805NL01/NP1805NL01,4.4 out of 5 stars,459,£52.20,na,na
V2A,Analogue - Digital Men's Watch (Black Dial Silver Colored Strap),3.8 out of 5 stars,"1,686",£11.30,£28.49,(60% off)
Fastrack,"Bare Basics Analog Grey Dial Men's Watch-3247NM02/NP3247NM02 Stainless Steel, Black Strap",4.1 out of 5 stars,28,£19.91,£26.55,(25% off)
boAt,"boAt New Launch Ultima Ember Smartwatch w/ 1.96” (4.97 cm) AMOLED Display, Personalized Fitness Nudges, Functional Crown, 100+ Sports Modes, Custom Watch Faces (Bold Black)",4.0 out of 5 stars,"1,238",£20.89,£85.49,(76% off)
TIMEX,Analog Dial Black Men watch-TWHG03SMU17,4.0 out of 5 stars,165,£34.16,£56.95,(40% off)
Casio,Edifice EFV-C100D-1AVDF Black Analog-Digital Dial Silver Stainless Steel Band Men's Watch World Time 100M Water Resistant EX438,4.1 out of 5 stars,525,£99.70,na,na
Casio,G-Shock GA-100-1A1DR Analog-Digital Black Dial Men Watch Black Resin Strap (G270),4.4 out of 5 stars,770,£89.92,£90.20,na
LOUIS DEVIN,Steel Chain Analog Wrist Watch for Men (White/Blue/Black Dial) | LD-GR062-CH,3.3 out of 5 stars,88,£3.13,£18.99,(84% off)
Titan,Neo Analog Blue Dial Men's Watch NM1769SM01/NN1769SM01,4.2 out of 5 stars,325,£45.55,£59.80,(24% off)
Fastrack,"Fastrack Limitless FS2+ Smart Watch, 2.01"" UltraVU Display, Functional Crown, SingleSync BT Calling, 110+ Sports Modes, 200+ Smartwatch Faces, Upto 7 Day Battery, AI Voice Assistant (Black)",3.8 out of 5 stars,"4,328",£15.18,£28.45,(47% off)
Sonata,Analog Black Dial Men's Watch-NN7924NM01/NP7924NM01,4.2 out of 5 stars,"4,896",£16.86,na,na
Casio,MTP-VT01L-1B Men's Minimalistic Black Dial Black Leather Band Analog Watch,4.3 out of 5 stars,"1,316",£31.30,na,na
Fastrack,All Nighters Quartz Multifunction Black Dial Brown Leather Strap Watch for Guys - NT3165NL01,4.3 out of 5 stars,386,£39.47,£52.20,(24% off)
Fastrack,Mean Machines Analog-Digital Black Dial Men's Watch 38055PP01/NN38055PP01,4.3 out of 5 stars,161,£28.83,£37.95,(24% off)
Fastrack,Fastrack Analog Black Dial Men's Casual Leather Watch/NT3277SL02,4.1 out of 5 stars,321,£12.25,£22.75,(46% off)
Fastrack,Tees Wanderlust Quartz Analog Black Dial Silicone Strap Watch for Unisex-38024PP71W/NT38024PP71W,4.2 out of 5 stars,25,£8.50,£9.45,(10% off)
Fastrack,Vyb Drift Quartz Analog Green Dial Watch for Men,3.7 out of 5 stars,9,£17.00,£24.32,(30% off)
Fire-Boltt,"Fire-Boltt Ninja Call Pro Max Smart Watch 2.01 inch Display, Bluetooth Calling, 120+ Sports Modes, Health Suite, Voice Assistance (Black)",3.9 out of 5 stars,"95,014",£18.04,£142.49,(87% off)
Fastrack,After Dark Quartz Analog Grey Dial Brown Leather Strap Watch for Guys - NT3273NL03,4.3 out of 5 stars,69,£21.24,£26.55,(20% off)
Casio,Youth Combination Analog-Digital Black Dial Men's Watch - AEQ-110W-3AVDF (AD223),4.1 out of 5 stars,394,£34.16,£37.95,(10% off)
Casio,G-Shock GA-140GB-1A1DR Black & Gold Analog-Digital Dial Black Resin Strap Men's Watch Shock and 200M Water Resistant G1021,4.3 out of 5 stars,261,£86.40,£94.95,(9% off)
LOUIS DEVIN,Mesh Steel Chain Analog Wrist Watch for Men (LD-G042),3.8 out of 5 stars,"2,199",£3.13,£18.99,(84% off)
Fastrack,Hype All Black Quartz Analog Black Dial with Brown Leather Strap Watch for Unisex,4.2 out of 5 stars,12,£11.92,£13.25,(10% off)
Fastrack,Analog Silver Men Watch 3229SM02 / 3229SM02,4.2 out of 5 stars,952,£14.06,£20.66,(32% off)
Fastrack,Analog Silver Men Watch 3229SM02 / 3229SM02,4.2 out of 5 stars,952,£14.06,£20.66,(32% off)
TIMEX,TIMEX Analog Dial Black Men watch-TWHG35SMU07,4.2 out of 5 stars,407,£17.63,£29.40,(40% off)
Noise,"Noise ColorFit Ultra 3 Bluetooth Calling Smart Watch with Biggest 1.96"" AMOLED Display, Premium Metallic Build, Functional Crown, Gesture Control with Metallic Strap (Jet Black: Elite Edition)",4.1 out of 5 stars,"17,946",£28.49,£85.49,(67% off)
Titan,Gents Karishma Analog Black Dial Men's Watch NM1825YL01/NN1825YL01/NP1825YL01,4.2 out of 5 stars,298,£22.78,£25.32,(10% off)
Helix,by Timex Silver Square Analog Watches for Men | Upto 30 m Water Resistance with Foldover Clasp Closure TW057HG00,5.0 out of 5 stars,1,£9.46,£18.95,(50% off)
Fastrack,Analog-Digital Black Dial Men's Watch NL38035SL03/NN38035SL03,4.1 out of 5 stars,722,£37.20,£46.50,(20% off)
Titan,Men's Metropolitan Charm: Men's Multifunctional Black Watch with Leather Strap-NS1805SL04/NT1805SL04,4.3 out of 5 stars,125,£50.96,£63.70,(20% off)
Noise,"Noise Halo Plus Elite Edition Smartwatch with 1.46"" Super AMOLED Display, Stainless Steel Finish Metallic Straps, 4-Stage Sleep Tracker, Smart Watch for Men and Women (Elite Blue",4.2 out of 5 stars,"6,075",£33.24,£85.49,(61% off)
Fastrack,"Fastrack Magnus FX1 1.38"" Display Metal Case Smart Watch with Single Sync BT Calling, Functional Crown, 100+ Sports Modes, Health Tracking, in-Built Games – Smartwatch for Men (Black)",3.9 out of 5 stars,"3,794",£33.23,£56.99,(42% off)
Armani Exchange,Armani Exchange Stainless Steel Analog Black Dial Men's Watch-Ax2164,4.5 out of 5 stars,242,£142.93,£170.95,(16% off)
Titan,Titan Neo Analog Blue Dial Men's Watch NM1733KL01/NN1733KL01/NP1733KL01,4.4 out of 5 stars,346,£42.13,£55.34,(24% off)
Fastrack,Streetwear Digital Grey Dial Silicone Strap Watch for Men-NS38068PP02,4.4 out of 5 stars,114,£13.63,£17.05,(20% off)
Titan,Neo Analog Silver Dial Men's Watch NM1767SL01/NN1767SL01/NP1767SL01,4.1 out of 5 stars,326,£30.36,£37.95,(20% off)
Titan,Titan Automatic Silver Dial Brown Leather Strap Watch for Men - NT90110WL03,3.8 out of 5 stars,63,£155.82,£173.14,(10% off)
Titan,Black and Gold Silver Dial Analog Stainless Steel Strap Watch for Men-NS1849WM01/NT1849WM01,4.7 out of 5 stars,30,£43.18,£61.70,(30% off)
Fastrack,Bare Basics Quartz Analog Silver Dial Black Plastic Strap Watch for Guys - NS3114PP02,4.0 out of 5 stars,"2,572",£9.75,£13.25,(26% off)
Fastrack,"Silicone Trendies Analog Black Dial Men's Watch-38057Pp02/Np38057Pp02, Band Color:Black",4.1 out of 5 stars,211,£14.39,£18.00,(20% off)
Noise,"NoiseFit Halo 1.43"" AMOLED Display, Bluetooth Calling Round Dial Smart Watch, Premium Metallic Build, Always on Display, Smart Gesture Control, 100 Sports Modes (Jet Black)",4.0 out of 5 stars,"8,347",£28.49,£75.99,(63% off)
Titan,Neo Analog Black Dial Men's Watch NM1698BM01/NN1698BM01/NP1698BM01,4.2 out of 5 stars,109,£53.91,£67.40,(20% off)
Fastrack,Tick Tock Quartz Multifunction Black Dial Black Metal Strap Watch for Guys – NT3287NM01,4.2 out of 5 stars,138,£28.83,£36.05,(20% off)
Tommy Hilfiger,Analog Blue Dial Men's Casual Watch,4.2 out of 5 stars,11,£51.29,£85.49,(40% off)
Fossil,Bannon Analog Black Dial Men's Watch-BQ2494,4.0 out of 5 stars,103,£96.39,£137.70,(30% off)
Fastrack,Hitlist Quartz Analog Black Dial Black Stainless Steel Strap Watch for Guys - NT3039NM02,4.2 out of 5 stars,48,£17.24,£24.65,(30% off)
Fastrack,Analog Black Dial Men's Watch-1474NP01/NP1474NP01,4.2 out of 5 stars,119,£26.17,£32.73,(20% off)
TIMEX,Men Analogue Black Round Dial Watch - TW000R425,4.3 out of 5 stars,930,£26.79,£27.03,(1% off)
LOUIS DEVIN,Mesh Steel Chain Analog Wrist Watch for Men (LD-G042),3.8 out of 5 stars,"2,199",£3.13,£18.99,(84% off)
Titan,Classique Analog White Dial Men's Watch NM90102WL01/NN90102WL01/NP90102WL01/NQ90102WL01,4.2 out of 5 stars,250,£92.29,£115.38,(20% off)
Fire-Boltt,"Fire-Boltt Ninja Call Pro Plus Smart Watch 1.83 inch with Bluetooth Calling, AI Voice Assistance, 100 Sports Modes IP67 Rating, 240 * 280 Pixel High Resolution (Black)",3.9 out of 5 stars,"95,014",£13.29,£189.99,(93% off)
Fire-Boltt,"Fire-Boltt Phoenix Smart Watch with Bluetooth Calling 1.38,120+ Sports Modes, 240 * 240 PX High Res with SpO2, Heart Rate Monitoring & IP67 Rating (Black)",3.9 out of 5 stars,"81,935",£13.29,£94.99,(86% off)
Fastrack,Fastrack Mens Pulse Quartz Analog Black Dial with Black Stainless Steel Strap Watch for Guys-1474NM02/NT1474NM02,3.7 out of 5 stars,13,£33.30,£37.00,(10% off)
Casio,G-Shock GA-140GB-1A1DR Black & Gold Analog-Digital Dial Black Resin Strap Men's Watch Shock and 200M Water Resistant G1021,4.3 out of 5 stars,261,£86.40,£94.95,(9% off)
Fire-Boltt,Fire-Boltt Dominion,3.5 out of 5 stars,207,£22.14,£199.50,(89% off)
Casio,Unisex Vintage AQ-230A-2A1MQYDF Blue Analog-Digital Dial Silver Stainless Steel Band Ad270,3.7 out of 5 stars,53,£33.20,na,na
Titan,Neo Splash Quartz Multifunction Midnight Blue Dial Metallic Blue Stainless Steel Strap Watch for Men - NT1805QM01,4.2 out of 5 stars,388,£64.55,£75.95,(15% off)
Casio,Edifice EFR-526D-2AVUDF Analog Blue Dial Men Watch Silver Stainless Steel Strap (ED613),5.0 out of 5 stars,1,£73.44,£80.70,(9% off)
LOUIS DEVIN,WT030 Leather Strap Analog Wrist Watch for Men,3.7 out of 5 stars,"3,423",£2.84,£20.89,(86% off)
Redmi,"Redmi Watch 5 Lite, 1.96 Amoled, Advanced in-Built GPS, 5 ATM, 18 Day Battery, Bluetooth Calling with AI Noise Reduction, Always on Display, Black",4.1 out of 5 stars,537,£33.24,£66.49,(50% off)
Titan,Neo Economy Analog Red Dial Men's Watch 1802SL06/NN1802SL06/NP1802SL06,4.2 out of 5 stars,190,£16.68,£18.95,(12% off)
Sonata,Smart Plaid Quartz Analog Black Dial Stainless Steel Strap Watch for Men-NR77105SM02W/NT77105SM02W,4.4 out of 5 stars,510,£11.26,na,na
boAt,"boAt New Launch Storm Infinity w/15 Days Extensive Battery fueled by Huge 550mAh Battery, Fast Charge, 1.83”(4.65cm)HD Display, Functional Crown, BT Calling, Smart watch for Men & Women (Active Black)",3.8 out of 5 stars,468,£14.24,£56.99,(75% off)
LOUIS DEVIN,Stainless Steel Chain Analog Wrist Watch for Men (Blue/Green/Silver/Black Dial) | LD-G071-CH,3.6 out of 5 stars,30,£3.41,£18.99,(82% off)
SKMEI,"New Car Wheel Watch with Rolling Creative Fashion Analog Watch, Black Dial Zink Alloy Case Men's Watch, Stainless Steel Black Color Band, Quartz Movement, Water & Scratch-Resistant-1990",4.1 out of 5 stars,"2,174",£17.08,£73.14,(77% off)
Titan,Neo Splash Brown Dial Analog with Date Stainless Steel Strap Watch for Men-1806QM03,4.1 out of 5 stars,32,£45.55,£56.95,(20% off)
Sonata,SF Digital Dial Plastic Strap Watch for Men-NS77073PP02/NT77073PP02,4.3 out of 5 stars,"1,567",£6.60,na,na
Casio,Edifice EFR-552D-2AVUDF Analog Blue Dial Men Watch Silver Stainless Steel Strap (ED615),5.0 out of 5 stars,9,£80.70,na,na
Fastrack,Neon Quartz Analog Black Dial Black Silicon Strap Watch for Unisex - NT38003PP13W,4.2 out of 5 stars,"3,969",£7.05,£7.84,(10% off)
Armani Exchange,Stainless Steel Analog Blue Dial Men's Watch-AX2457,4.5 out of 5 stars,2,£227.95,na,na
Tommy Hilfiger,Silicone Analog Bank White Men Watch Th1791778/Ncth1791778,4.2 out of 5 stars,28,£144.88,na,na
Casio,Edifice EFR-526D-2AVUDF Analog Blue Dial Men Watch Silver Stainless Steel Strap (ED613),5.0 out of 5 stars,1,£73.44,£80.70,(9% off)
Noise,"Noise Pulse Go Buzz Smart Watch with Advanced Bluetooth Calling, 1.69"" TFT Display, SpO2, 100 Sports Mode with Auto Detection, Upto 7 Days Battery (2 Days with Heavy Calling) - Jet Black",4.0 out of 5 stars,"19,686",£12.34,£47.49,(74% off)
LONGBO,Men's Watches Luxury Fashion Casual Dress Waterproof Quartz Wristwatches for Men Stainless Steel Band | Birthday Anniversary Gift for Men,3.5 out of 5 stars,69,£11.30,£18.99,(40% off)
Titan,Maritime Analog Green Dial Men's Watch NM1830KL02/NN1830KL02/NP1830KL02,4.3 out of 5 stars,148,£139.03,£173.80,(20% off)
LOUIS DEVIN,WT030 Leather Strap Analog Wrist Watch for Men,3.7 out of 5 stars,"3,423",£2.84,£20.89,(86% off)
LOUIS DEVIN,WT030 Stainless Steel Chain Analog Wrist Watch for Men,3.8 out of 5 stars,295,£3.41,£22.79,(85% off)
Fire-Boltt,"Fire-Boltt Rise Smart Watch, 1.85"" HD Display, Metal Body with Bluetooth Calling, Rotating Crown, AI Voice Assistant, 120 Sports Modes, Neon UI, SpO2 & Heart Rate Monitoring (Black-C)",3.7 out of 5 stars,"1,764",£12.34,£142.49,(91% off)
Sonata,Smart Plaid Quartz Analog Black Dial Stainless Steel Strap Watch for Men-NR77105SM02W/NT77105SM02W,4.4 out of 5 stars,510,£11.26,na,na
Noise,"Noise ColorFit Pulse 3 with 1.96"" Biggest Display Bluetooth Calling Smart Watch, Premium Build, Auto Sport Detection & 170+ Watch Faces Smartwatch for Men & Women - Midnight Black",4.0 out of 5 stars,"4,374",£13.29,£66.49,(80% off)
Titan,Neo Economy Analog Red Dial Men's Watch 1802SL06/NN1802SL06/NP1802SL06,4.2 out of 5 stars,190,£16.68,£18.95,(12% off)
Noise,"Noise Pulse 2 Max 1.85"" Display, Bluetooth Calling Smart Watch, 10 Days Battery, 550 NITS Brightness, Smart DND, 100 Sports Modes, Smartwatch for Men and Women (Midnight Blue)",4.0 out of 5 stars,"17,624",£13.29,£56.99,(77% off)
LOUIS DEVIN,Stainless Steel Chain Analog Wrist Watch for Men (Blue/Green/Silver/Black Dial) | LD-G071-CH,3.6 out of 5 stars,30,£3.41,£18.99,(82% off)
SKMEI,"New Car Wheel Watch with Rolling Creative Fashion Analog Watch, Black Dial Zink Alloy Case Men's Watch, Stainless Steel Black Color Band, Quartz Movement, Water & Scratch-Resistant-1990",4.1 out of 5 stars,"2,174",£17.08,£73.14,(77% off)
Titan,Neo Splash Brown Dial Analog with Date Stainless Steel Strap Watch for Men-1806QM03,4.1 out of 5 stars,32,£45.55,£56.95,(20% off)
Fastrack,"Fastrack New Limitless Classic|Large 1.91"" Super UltraVU Display|Functional Crown|Highest 320x385 Pixel Resolution|SingleSync BT Calling|100+ Sports Modes|Metal Case Premium Smartwatch - Black Mesh",3.9 out of 5 stars,"7,544",£19.94,£56.95,(65% off)
Casio,Edifice EFR-552D-2AVUDF Analog Blue Dial Men Watch Silver Stainless Steel Strap (ED615),5.0 out of 5 stars,9,£80.70,na,na
Fastrack,"Fastrack Radiant FX2 2.04"" AMOLED Smart Watch with BT Calling, Voice Assistant, Functional Crown, Metal Alloy Case, 100+ Sports Modes, SpO2, AOD – Smartwatch for Men and Women (Black)",3.9 out of 5 stars,"3,794",£44.64,£94.95,(53% off)
Fastrack,Neon Quartz Analog Black Dial Black Silicon Strap Watch for Unisex - NT38003PP13W,4.2 out of 5 stars,"3,969",£7.05,£7.84,(10% off)
Noise,"Noise Pulse 2 Max 1.85"" Display, Bluetooth Calling Smart Watch, 10 Days Battery, 550 NITS Brightness, Smart DND, 100 Sports Modes, Smartwatch for Men and Women (Rose Pink)",4.0 out of 5 stars,"17,624",£13.29,£56.99,(77% off)
Armani Exchange,Stainless Steel Analog Blue Dial Men's Watch-AX2457,4.5 out of 5 stars,2,£227.95,na,na
Tommy Hilfiger,Silicone Analog Bank White Men Watch Th1791778/Ncth1791778,4.2 out of 5 stars,28,£144.88,na,na
boAt,"boAt Lunar Embrace w/Vibrant 1.51"" (3.8 cm) AMOLED Display,Premium Metal Design, Functional Crown, 100+ Sports Mode, Animated Watch Faces, Built-in Games, Smart Watch for Men & Women(Steel Black)",4.2 out of 5 stars,298,£33.24,£132.99,(75% off)
Fossil,Grant Chronograph Beige Dial Men's Watch - FS4735,4.2 out of 5 stars,263,£123.45,na,na
Sonata,Quartz Analog Black Dial Plastic Strap Watch for Men-NS77085PP03W/NT77085PP03W,4.0 out of 5 stars,129,£7.08,na,na
LOUIS DEVIN,Leather Strap Analog Wrist Watch for Men,3.6 out of 5 stars,679,£2.84,£22.79,(88% off)
Fastrack,"Fastrack Astor FS1 Pro Smart Watch, 1.97"" AMOLED Display, Bluetooth Calling, 100+ Sports Modes, SpO2 & Heart Rate Monitoring, Women's Health, IP68, Up to 5 Days Battery, Functional Crown (Black)",4.0 out of 5 stars,"7,887",£23.73,£47.49,(50% off)
Matrix,Boys Mens Navy Blue Band Classic Dial with Softest Silicone Strap Analog Wrist Watch,3.8 out of 5 stars,13,£2.62,£18.99,(86% off)
Casio,G-Shock GA-2100-1A1DR Black Analog-Digital Dial Black Resin Strap Men's Watch Shock and 200M Water Resistant G987,4.3 out of 5 stars,"1,922",£87.35,na,na
Casio,G-Shock GA-2300-1ADR Analog-Digital Black Dial Men Watch Black Resin Strap (G1551),3.6 out of 5 stars,17,£85.45,na,na
Titan,Autumn-Winter 19 Analog Silver Dial Men's Watch NM1698SL01/NN1698SL01/NP1698SL01,3.8 out of 5 stars,211,£40.61,£50.78,(20% off)
Fastrack,Casual Analog White Dial Men's Watch-NL3121SM01/NP3121SM01,4.1 out of 5 stars,"4,925",£15.64,£20.85,(25% off)
Fastrack,Vyb Limitless Quartz Analog Blue Dial Watch for Men,4.4 out of 5 stars,8,£22.31,£31.87,(30% off)
Casio,EDifice EFR-556DC-1AVUDF Black Analog Dial Black Stainless Steel Band Men's Watch Chronograph 100M Water Resistant EX493,4.3 out of 5 stars,143,£123.45,na,na
NAVIFORCE,Analog-Digital Black Dial Men's Watch-NF9024-BBR by LexXiv,4.1 out of 5 stars,557,£21.39,£47.49,(55% off)
Casio,Enticer Analog Black Dial Men's Watch - MTP-VD01G-1BVUDF (A1367),4.4 out of 5 stars,"1,274",£39.85,na,na
Sonata,Quartz Multifunction Green Dial Green Leather Strap Watch for Men,4.2 out of 5 stars,25,£23.70,na,na
Carlington,"Endurance Series Analog-Digital Sports Watches for Men and Boys with Alarm, Stopwatch, Backlit Display, Dualtime, Silicone Rubber Strap, Water & Shock Resiatant - CT_9105",4.1 out of 5 stars,"1,916",£12.34,£66.49,(81% off)
Fire-Boltt,"Fire-Boltt Ninja Call Pro Plus Smart Watch 1.83 inch with Bluetooth Calling, AI Voice Assistance, 100 Sports Modes IP67 Rating, 240 * 280 Pixel High Resolution (Blue)",3.9 out of 5 stars,"95,014",£13.29,£189.99,(93% off)
Casio,Enticer Men MTP-1374D-7A2VDF Analog White Dial Men (A2348),4.6 out of 5 stars,5,£56.95,na,na
Titan,Analog Men's Watch (Dial Colored Strap),4.2 out of 5 stars,"1,187",£37.95,£49.83,(24% off)
Fastrack,Space Analog Brown Dial Men's Watch 3184NM01/NN3184NM01,4.3 out of 5 stars,441,£22.75,£28.45,(20% off)
OLEVS,Original Men's Diamond Watch Analog Quartz Stainless Steel Calendar Business Dress Watch with Luminous Waterproof Casual Wristwatch,3.8 out of 5 stars,"3,344",£30.68,£37.05,(17% off)
boAt,"boAt Wave Call Smart Watch w/Bluetooth Calling, 1.69"" (4.2 cm) HD Display w/ 550 NITS & 70% Color Gamut, 150+ Watch Faces, Multi-Sport Modes,HR,SpO2, IP68(Bold Black)",3.8 out of 5 stars,11,£12.82,£75.91,(83% off)
Fastrack,Stunners Quartz Analog Grey Dial Silver Metal Strap Watch for Guys - NT3291SM01,4.2 out of 5 stars,135,£12.11,£15.15,(20% off)
Fastrack,Vyb Quest Quartz Analog Green Dial Watch for Men,2.6 out of 5 stars,4,£16.08,£22.99,(30% off)
Boult,"Boult Trail Pro Smartwatch 2.01'' 3D Curved Screen+AMOLED, BT Calling 5.3, 600 Nits Brightness, IP68, 250+ Watchfaces, 120+ Sports Modes, AI Voice Assistant, SpO2 Tracking (Silver)",3.6 out of 5 stars,36,£18.04,£66.49,(73% off)
Titan,Analog Men Watch,3.5 out of 5 stars,17,£54.61,£68.26,(20% off)
Fastrack,Fastrack Vyb Quartz Analog Black Dial Black Sheet Metal Strap Watch for Men-FV30014KM01W,4.2 out of 5 stars,81,£19.88,£28.40,(30% off)
Noise,"Noise ColorFit Pulse 3 with 1.96"" Biggest Display Bluetooth Calling Smart Watch, Premium Build, Auto Sport Detection & 170+ Watch Faces Smartwatch for Men & Women (Deep Wine)",4.0 out of 5 stars,"4,374",£13.29,£66.49,(80% off)
Titan,Autumn-Winter 19 Analog Silver Dial Men's Watch NM1698SL01/NN1698SL01/NP1698SL01,3.8 out of 5 stars,211,£40.61,£50.78,(20% off)
Fastrack,Vyb Limitless Quartz Analog Blue Dial Watch for Men,4.4 out of 5 stars,8,£22.31,£31.87,(30% off)
Fossil,"Fossil Gen 6(44Mm, Brown Color) Mens Smartwatch With Amoled Screen, Alexa Built-In, Snapdragon 4100+ Wear Platform, Google Assistant, Spo2, Wellness Features And Smartphone Notifications - Ftw4062",3.4 out of 5 stars,"1,467",£113.98,£227.95,(50% off)
Casio,EDifice EFR-556DC-1AVUDF Black Analog Dial Black Stainless Steel Band Men's Watch Chronograph 100M Water Resistant EX493,4.3 out of 5 stars,143,£123.45,na,na
Sonata,Quartz Multifunction Green Dial Green Leather Strap Watch for Men,4.2 out of 5 stars,25,£23.70,na,na
Carlington,"Endurance Series Analog-Digital Sports Watches for Men and Boys with Alarm, Stopwatch, Backlit Display, Dualtime, Silicone Rubber Strap, Water & Shock Resiatant - CT_9105",4.1 out of 5 stars,"1,916",£12.34,£66.49,(81% off)
Boult,"Boult Dire Smartwatch: 1.38'' 2.5D Curved HD Display, BT Calling, 500 Nits Brightness, IP67, 250+ Watchfaces, 120+ Sports Modes, AI Voice Assistant, SpO2 Monitoring (Silver)",3.1 out of 5 stars,325,£13.29,£47.49,(72% off)
Casio,Enticer Men MTP-1374D-7A2VDF Analog White Dial Men (A2348),4.6 out of 5 stars,5,£56.95,na,na
Titan,Analog Men's Watch (Dial Colored Strap),4.2 out of 5 stars,"1,187",£37.95,£49.83,(24% off)
Noise,"Noise ColorFit Ultra 3 Bluetooth Calling Smart Watch with Biggest 1.96"" AMOLED Display, Premium Metallic Build, Functional Crown, Gesture Control with Metallic Strap (Glossy Silver: Elite Edition)",4.1 out of 5 stars,"17,946",£28.49,£85.49,(67% off)
Fastrack,Space Analog Brown Dial Men's Watch 3184NM01/NN3184NM01,4.3 out of 5 stars,441,£22.75,£28.45,(20% off)
Fastrack,Stunners Quartz Analog Grey Dial Silver Metal Strap Watch for Guys - NT3291SM01,4.2 out of 5 stars,135,£12.11,£15.15,(20% off)
Fastrack,Vyb Quest Quartz Analog Green Dial Watch for Men,2.6 out of 5 stars,4,£16.08,£22.99,(30% off)
Amazfit,"Amazfit T-Rex 3 Outdoor Rugged Military 48mm Smart Watch, Built in GPS, 27 Days Battery Life, Offline Maps, 2000 Nits Brightness, 10 ATM Water Resistance, AI Coach, for iOS & Android (Onyx)",4.4 out of 5 stars,896,£189.99,£284.99,(33% off)
Titan,Analog Men Watch,3.5 out of 5 stars,17,£54.61,£68.26,(20% off)
Fastrack,Fastrack Vyb Quartz Analog Black Dial Black Sheet Metal Strap Watch for Men-FV30014KM01W,4.2 out of 5 stars,81,£19.88,£28.40,(30% off)
boAt,"boAt Wave Sigma 3 w/Turn-by-Turn Navigation, 2.01"" HD Display, Bluetooth Calling, Crest+ OS, QR Tray, Watch Face Studio, Coins, Emergency SOS Smart Watch for Men & Women(Cool Grey)",3.9 out of 5 stars,"23,685",£14.24,£85.49,(83% off)
